brewer_name,address,city,district,rbid,active,founded,brewer_type,score,lat,lon,web,hours,description,phone
s Antla,Amtsgerichtsstrasse 21,Kronach,Upper,12016,1,2010,Brewpub,0,50.24185,11.32436,http://www.antla.de/Joomla,Mon 18.00-24.00; Tue-Thu & Sun 11.00-24.00; Fri-Sat 11.00-01.00,,
Adler Bräu Stettfeld,Bahnhofstrasse 2a,Stettfeld,Lower,3718,1,1753,Brewery,0,49.96984,10.72143,http://www.adlerbraeu-stettfeld.de,Wed-Mon 10.00-23.00; Tue closed,,9522 369
Adler-Bräu Schlüsselfeld,Marktplatz 6,Schlüsselfeld,Upper,3704,1,1866,Brewery,0,49.756914,10.617625,http://adler-braeu-schluesselfeld.2-www.de,Tue-Sun 9.00-22.30; Mon closed,,9552 359
Ahornberger Landbrauerei Strössner-Bräu,Brauereiweg 7,Konradsreuth,Upper,3206,1,1753,Brewery,0,50.237458,11.799215,http://www.ahornberger.de/navi.html,,,9292 95980
Albertshöfer Sternbräu,Hindenburgstrasse 5,Albersthofen,Lower,13706,1,2009,Brewery,0,49.77149,10.15941,http://www.albertshoefer-sternbraeu.de,Daily 10.00-18.00 (call ahead),,162 2699078
Arnsteiner Brauerei Max Bender,Schweinfurter Strasse 9,Arnstein,Lower,5425,1,1885,Brewery,0,49.977027,9.973289,http://www.arnsteiner-brauerei.de,Wed-Sat from 17.00; Mon and Tue closed,,9363 90910
Bad Windsheimer Bürgerbräu Strauss,Metzgergasse  8-18,Bad Windsheim,Middle,6153,1,1923,Client Brewer,0,49.502093,10.420544,http://www.bierstrasse.de/brau_buergerbrau.html,,,9841 66620
Barfüsser Brauhaus,Hallplatz 2,Nürnberg,Middle,2914,1,1994,Brewpub,0,49.449289,11.078509,http://www.barfuesser-nuernberg.de,Mon-Sun 11.00-1.00,,9112 04242
Bayer Bräu Rothenfels,Hauptstr. 77,Rothenfels,Lower,3818,0,0,Brewery,0,49.891231,9.592383,http://altstadtfest.net/bayer.html,brewery: Mon-Fri 7.00-17.00; Sat 9.00-13.00;  brewpub: Mon Wed-Sat from 16.00; Sun from 10.00; Tue closed,,9393 408
Bayerisches Brauereimuseum Kulmbach,Hofer Strasse 20,Kulmbach,Upper,6208,1,2002,Brewpub,0,50.114711,11.468417,http://www.bayerisches-brauereimuseum.de,Tue-Sun from 10.00; Mon closed,,9221 80514
Bayreuther Bierbrauerei,Hindenburgstrasse 9,Bayreuth,Upper,3742,1,1857,Client Brewer,0,49.94787,11.566215,http://www.bayreuther-bier.de,,,9214 01257
Becher-Bräu,St.-Nikolaus-Str. 25,Bayreuth,Upper,5494,1,1781,Brewery,0,49.938337,11.551019,http://www.becherbraeu.de,Wed-Mon 9.00-24.00; Tue closed,,9216 8993
Brauer-Vereinigung Pegnitz,Am Buchauer Berg 4,Pegnitz,Upper,5152,1,1923,Brewery,0,49.758105,11.542064,,Mon-Fri 8.00-19.00; Sat 8.00-14.00,,9241 2035
Brauerei Alt Dietzhof,Dietzhof 8,Leutenbach-Dietzhof,Upper,8744,1,1851,Brewpub,0,49.701897,11.162922,http://www.brauerei-alt.de,Tue-Fri 17.00-23.00; Sat 16.00-23.00; Sun 11.00-23.00; Mon closed,,9199 267
Brauerei Andreas Schneider,Bachgasse 15,Weissenburg,Middle,8466,1,1772,Brewery,0,49.029426,10.975221,http://www.schneider-bier.de,shop: Mon-Fri 8.00-12.00 & 16.00-18.00;  brewpub: Tue Wed 17.30-24.00; Thu-Sun 10.30-14.00 & 17.30-,,9141 2407
Brauerei Bähr,Zettmanndorfer Str. 24,Schönbrunn im Steigerwald,Upper,3805,0,0,Brewery,0,49.85714,10.68946,,,,9546 379
Brauerei Barnikel,Dorfstrasse 5,Frensdorf-Herrnsdorf,Upper,5090,1,1753,Brewery,0,49.793282,10.887622,,,,9502 293
Brauerei Barth-Senger,Oberend 11,Schesslitz,Upper,6847,0,0,Brewpub,0,49.97718,11.036176,http://www.ratebeer.com/brewers/brauerei-barth-senger/6847/,Tue-Fri Sun 10.00-23.00;  Sat 10.00-17.00; Mon closed,,9542 1064
Brauerei Bayer Theinheim,Schulterbachstrasse 15,Rauhenebrach-Theinheim,Lower,4798,1,1753,Brewpub,0,49.884658,10.586823,http://www.bayer-theinheim.de,Tue-Sun from 9.00; Mon closed,,9554 293
Brauerei Bayer Viereth,Brau-Gaststätte Mainlust,Hauptstrasse 9,Upper,3809,1,1848,Brewpub,0,49.923412,10.778659,http://www.mainlust.com,Mon-Thu 6.00-24.00; Sat Sun 8.00-24.00; Fri closed,,9503 7444
Brauerei Beck Trabelsdorf,Steigerwaldstrasse 8,Lisberg-Trabelsdorf,Upper,3701,1,1895,Brewery,0,49.895221,10.724661,http://www.beck-braeu.de,Fri 16.00 - 24.00; Sat & Sun 15.00 - 24.00; Mon - Thu closed,,9549 252
Brauerei Blauer Löwe,Brückenstrasse 9,Höchstadt an der Aisch,Middle,4398,1,1753,Brewery,0,49.702183,10.805607,http://www.brauerei-blauer-loewe.de,,,9193 8219
Brauerei Bräutigam,Dorfstrasse 12,Eltmann-Weisbrunn,Lower,3733,1,1850,Brewery,0,49.93963,10.67737,http://www.brauerei-braeutigam.franken-regio.de/index2.php?cid&#061,Thu-Mon 09.00 23.00; Tue & Wed closed,,9522 1628
Brauerei Bub,Marktplatz 14,Leinburg,Middle,5134,1,1753,Brewery,0,49.450066,11.308753,http://www.leinburger-bier.de,Tue-Sat from 16.00; Sun from 11.00; Mon closed,,9120 204
Brauerei Burkarth,Am Marktplatz 4,Amorbach,Lower,18381,0,2013,Client Brewer,0,49.64456,9.21955,http://www.brauerei-burkarth.de,,,9373 4863
Brauerei Büttner,Nr. 8,Untergreuth,Upper,6422,1,2005,Brewery,0,49.834813,10.859737,http://www.brauerei-buettner.de,,,9592 342
Brauerei Dinkel Stublang,Frauendorfer Strasse 18,Bad Staffelstein-Stublang,Upper,6867,1,1880,Brewery,0,50.077989,11.047552,http://www.dinkel-stublang.de,Thu-Tue 9.00-23.00; Wed closed,,9573 6424
Brauerei Drei Kronen Aichinger,Marktplatz 5,Heiligenstadt,Upper,5993,1,1888,Brewpub,0,49.863777,11.170463,,Mon-Sun 8.00-23.00,,9198 522
Brauerei Drei Kronen Memmelsdorf,Hauptstrasse 19,Memmelsdorf,Upper,3866,1,2003,Brewpub,0,49.932985,10.9531,http://www.drei-kronen-memmelsdorf.de,,,9519 44330
Brauerei Drei Kronen Schesslitz,Hauptstrasse 39,Schesslitz,Upper,5677,1,1766,Brewery,0,49.976335,11.033814,http://www.kronabier.de/index1.html,Thu-Tue 9.00-14.00; 17.00-1.00; Wed closed,,9542 1564
Brauerei Dremel,Hauptstrasse 21,Wattendorf,Upper,3703,1,1865,Brewery,0,50.03279,11.12637,http://www.brauerei-dremel.de,Tue-Fri 17.00-24.00; Sun 10.00-24.00; Mon & Sat closed,,9504 271
Brauerei Drummer,Dorfstrasse 10,Leutenbach,Upper,3744,1,1763,Brewpub,0,49.710834,11.172803,,Mon closed; Tue-Sun 11.00-24.00;,,9199 403
Brauerei Eichhorn Dörfleins,Dörfleinserstrasse 43,Hallstadt-Dörfleins,Upper,5760,1,1870,Brewery,0,49.931682,10.859128,http://www.brauerei-eichhorn.de,Tue; Wed; Fri; Sun 9.00-23.00; Thu until 19.00; Sat until 20.00; Mon closed,,951 75660
Brauerei Eichhorn Forchheim,Bamberger Strasse 9,Forchheim,Upper,6220,1,1835,Brewery,0,49.722019,11.059253,http://www.gasthaus-eichhorn.de,Thu-Mon 10.00-23.00; Tue Wed closed,,9191 2379
Brauerei Eller,Brunnenstrasse 10,Untersiemau-Birkach,Upper,2910,1,1822,Brewery,0,50.18049,10.9951,http://eller.brauereien.bierland-oberfranken.de,Thu-Tue 9.00-24.00; Wed closed,,9565 1033
Brauerei Falter Hof,Hirschberger Strasse 6,Hof-Unterkotzau,Upper,4274,0,0,Brewery,0,50.336716,11.895096,http://www.brauerei-falter.de,Closed 2008,,9281 769090
Brauerei Fässla,19-21 Obere König Str,Bamberg,Upper,1949,1,1753,Brewery,0,49.89723,10.89279,http://www.faessla.de,Mon-Sat: from 8.00; Sun: 8.00-12.30,,9512 6516
Brauerei Fischer Freudeneck,Freudeneck 2,Rattelsdorf-Freudeneck,Upper,9184,1,1870,Brewery,0,50.03528,10.88019,http://www.hahnerla.de,Tue-Sun 9.00-23.00; Mon closed,,9547 488
Brauerei Fischer Wieseth,Hauptstrasse 18,Wieseth,Middle,6458,1,1753,Brewery,0,49.162988,10.483886,http://www.fischer-landbraeu.de/cms/front_content.php,Mon-Fri 8.00-12.30; 14.00-18.00; Sat 8.00-13.00,,9522 7411
Brauerei Fischer,Nr. 11,Höchstadt-Greuth,Middle,4009,1,1753,Brewery,0,49.75654,10.91468,http://www.greuth.de/html/pg/pg_show_h-321.htm,Fri & Sun 10.00-23.00,,9502 545
Brauerei Först (Brauerei Goldener Löwe),Drügendorf 26,Eggolsheim-Drügendorf,Upper,2033,1,1753,Brewery,0,49.807056,11.117309,http://www.brauerei-foerst.de,Fri-Wed 9.00-23.00; Thu closed,,9545 8583
Brauerei Friedel Zentbechhofen,Höchstädter Strasse 1,Zentbechhofen,Middle,3755,1,2003,Brewery,0,49.761044,10.894438,,,,
Brauerei Friedmann,Jägersberg 16,Gräfenberg,Upper,3994,1,1875,Brewery,0,49.64447,11.252732,http://www.brauerei-friedmann.de,Mon-Fri 7.00-18.00; Sat 7.30-12.30,,9192 318
Brauerei Gasthof Lindenbräu,Am Bach 3,Gräfenberg,Upper,4689,1,1932,Brewery,0,49.645646,11.248712,http://www.lindenbraeu.de,brewery: Mon-Sun 7.00-18.00;  brewpub: Sat-Thu 11.00-22.00; Fri closed,,9192 348
Brauerei Gasthof Ott,Oberleinleiter 6,Heiligenstadt-Oberleinleitner,Upper,1877,1,1753,Brewery,0,49.88276,11.12952,http://www.brauerei-ott.de,Tue-Sun 9.00-23.00; Mon closed,,9198 271
Brauerei Maisel Bayreuth (Bayreuther),Hindenburgstrasse 9,Bayreuth,Upper,778,1,1887,Brewery,0,49.94773,11.56588,http://www.maisel.com,,,921 4010
Brauerei Glenk,Eichelweg 9-14,Bayreuth,Upper,9549,0,0,Brewery,0,49.939164,11.553342,http://www.glenk-braeu.de,,,9216 3060
Brauerei Goldener Adler Höfen,Nr. 21,Rattelsdorf-Höfen,Upper,5967,1,2005,Brewery,0,50.020322,10.877342,http://www.bierfranken.eu/brauerei-detail.php?id&#061,Mon-Fri from 15.00; Sun from 11.00; Tue Sat closed,,9547 264
Brauerei Göller Drosendorf,Schesslitzer Strasse 7,Drosendorf,Upper,3928,1,1865,Brewpub,0,49.941064,10.971897,,Tue-Sun from 9.00.  Mon closed,,9505 1745
Brauerei Göller,Wildgarten 12,Zeil am Main,Lower,2943,1,1908,Brewery,0,50.015475,10.581098,http://www.brauerei-goeller.de,,,9524 30040
Brauerei Gradl,Leups 6,Pegnitz-Leups,Upper,5109,1,1753,Brewery,0,49.812888,11.524573,,Mon-Sat 8.00-16.00,,9246 247
Brauerei Grasser Huppendorfer,Huppendorf 25,Königsfeld-Huppendorf,Upper,3890,1,1753,Brewery,0,49.93243,11.149861,http://www.huppendorfer-bier.de,Mon-Fr 7.00-17.00; Sat 8.00-16.00,,9207 270
Brauerei Griess,Magdalenenstr. 6,Strullendorf-Geisfeld,Upper,4159,1,1872,Brewery,0,49.880561,11.011353,http://www.brauerei-griess.de,Mon Tue Thu Fri 15.00-22.00; Sat Sun 10.00-22.00; Wed closed,,9505 1624
Brauerei Gundel,Nördlinger Strasse 15,Kammerstein-Barthelmesaurach,Middle,8344,1,1887,Brewery,0,49.274464,10.928037,http://www.brauerei-gundel.de,brewpub: Tue-Sun 11.00-14.00 & 17.00-1.00; Mon closed,,9178 1504
Brauerei Haag,Hauptstrasse 18,Oberdachstetten,Middle,8464,0,0,Brewery,0,49.415733,10.423172,http://www.brauerei-haag.de,brewing ceased in May 2009,,9845 206
Brauerei Haberstumpf,Bergstrasse 31,Trebgast,Upper,8258,1,1753,Brewery,0,50.072298,11.545662,http://www.brauerei-haberstumpf.de,Mon-Fri from 16.00; Sat 10.00-13.00; Sun closed,,9227 351
Brauerei Hans Hertlein,Hallstädter Strasse 12,Oberhaid-Staffelbach,Upper,10530,1,2009,Brewery,0,49.94452,10.75101,http://www.bierland-oberfranken.de/deutsch/brauereien/brauereiportraits,Mon-Fri 17.00-23.00; Sat 15.00-18.30; Sun 15.00-23.00,,9503 7890
Brauerei Hans Ibel,Kappel Nr. 1,Burgwindheim,Upper,1808,1,1753,Brewery,0,49.82451,10.6146,,Mon-Sat: from 15.00; Sun: from 10.30,,9551 295
Brauerei Hartleb,Herrenstrasse 9,Maroldsweisach,Lower,8703,1,1753,Brewery,0,50.19667,10.66147,http://www.bamberg-guide.de/bamberg/bierundbierkultur/location.php?loc=,Thu-Tue 9.00-23.00; Wed closed,,9532 240
Brauerei Hartmann,Fränkische-Schweiz-Str. 26,Schesslitz-Würgau,Upper,305,1,1753,Brewery,0,49.979114,11.089844,http://www.brauerei-hartmann.de,Wed-Mon 8.00-24.00; Tue closed,,9542 920300
Brauerei Hauf Dinkelsbühl,Heininger Strasse 28,Dinkelsbühl,Middle,4465,1,1901,Brewery,0,49.067426,10.344212,http://www.hauf-bier.de/frameset.htm,,,9851 57520
Brauerei Hebendanz,Sattlertorstrasse 14,Forchheim,Upper,5148,1,1753,Brewery,0,49.720165,11.056753,http://www.brauerei-hebendanz.de,Mon-Wed; Sat 8.30-20.00; Thu 8.30-12.00; Fri 8.30-23.00; Sun 13.00-20.00,,9191 1222
Brauerei Heckel,Vorstadt 20,Waischenfeld,Upper,9511,1,1890,Brewpub,0,49.844638,11.347239,http://heckel.brauereien.bierland-oberfranken.de,Mon-Sun 16.30-22.00,,9202 493
Brauerei Heller,Dominikanerstrasse 6,Bamberg,Upper,213,1,1753,Brewery,0,49.89171,10.88492,http://www.schlenkerla.de,Mon-Sun 9.30-23.00,,9515 6060
Brauerei Hembacher,Siemensstrasse 4,Rednitzhembach-Igelsdorf,Middle,10556,1,2008,Brewery,0,49.31291,11.04883,http://www.rednitzhembach.de,shop: Mon-Fri 16.00-20.00; Sat 10.00-20.00,,
Brauerei Hennemann Sambach,Sambach 33,Pommersfelden-Sambach,Upper,4853,1,1780,Brewery,0,49.780868,10.842173,http://hennemann-pommersfelden.brauereien.bierland-oberfranken.de,shop: Tue 17.00-19.00; Wed-Sat 9.00-19.00;  brewpub: Wed-Sun from 11.30,,9502 4307
Brauerei Hennemann Unterleiterbach,Schlossstrasse 2,Zapfendorf-Unterleiterbach,Upper,2911,1,1890,Brewpub,0,50.03751,10.94447,http://hennemann-zapfendorf.brauereien.bierland-oberfranken.de,Mon; Wed & Thu 16.00-24.00; Fri-Sun 9.00-24.00; Tue closed,,9547 261
Brauerei Hermann Sigwart,Rossmühle 10,Weissenburg,Middle,7992,1,1753,Brewery,0,49.031482,10.975009,http://www.brauerei-sigwart.de,,,9141 85750
Brauerei Herold,Marktstrasse 29,Pegnitz-Büchenbach,Upper,5081,1,1753,Brewpub,0,49.793995,11.510301,http://www.beckn-bier.de,Wed-Mon from 9.00; Tue closed,,9241 3311
Brauerei Herrmann,Brückenstrasse 3,Ampferbach,Upper,5965,1,1754,Brewery,0,49.845651,10.730642,http://herrmann.brauereien.bierland-oberfranken.de,Wed-Sat; Mon from 16.00; Sun/hols from 14.00; Tue closed,,9546 372
Brauerei Hetzel,Zum Pfau,Frauendorf 11,Upper,1225,1,1820,Brewery,0,50.071111,11.060833,,Mon-Fri: 7-18; Sat: 7-16,,9573 6435
Brauerei Hofmann Hohenschwärz,Hohenschwärz 16,Gräfenberg-Hohenschwärz,Upper,5763,1,1897,Brewery,0,49.677831,11.25274,,Mon 15.00-22.00; Wed-Sun 10.00-22.00; Tue closed,,9192 251
Brauerei Hoh,Köttensdorf 4,Schesslitz-Koettensdorf,Upper,10510,1,1775,Brewpub,0,49.955256,11.020416,http://www.bierfranken.eu/brauerei-detail.php?id&#061,Mon-Fri from 15.30; Sat-Sun from 15; Wed closed,,9542 627
Brauerei Hölzlein,Ellertalstrasse 13,Litzendorf-Lohndorf,Upper,4866,1,1781,Brewery,0,49.916425,11.045083,http://www.bierdeckelsammler.net/deu_brauerei_show_1054.htm,Mon; Wed-Fri 15.00-23.00; Sat Sun 10.00-23.00; Tue closed,,9505 357
Brauerei Hönig,Zur Post,Ellerbergstr. 15,Upper,3791,1,1813,Brewery,0,49.91882,11.07426,http://www.brauerei-hoenig.de,Fri-Wed 10.00-23.00; Thu closed,,9505 391
Brauerei Hummel Merkendorf,Lindenstrasse 9,Memmelsdorf-Merkendorf,Upper,1807,1,1846,Brewery,0,49.959248,10.958586,http://www.brauerei-hummel.de,Mon & Wed - Sat 9.00-24.00; Sun 9.00-12.00 & 15.00-24.00; Tue closed,,9542 1247
Brauerei Hütten,Hütten 6-8,Warmensteinach-Hütten,Upper,8948,1,1887,Brewery,0,50.005187,11.811577,http://www.brauerei-huetten.de,shop: Mon-Fri 7.30-12.00 & 13.00-17.00; Sat 9.00-12.00,,9277 312
Brauerei Josef Greif,Serlbacher Strasse 10,Forchheim,Upper,2797,1,1848,Brewery,0,49.725793,11.059672,http://www.brauerei-greif.de,brewery: Mon-Fri 8.00-18.00; Sat 8.00-14.00. pub: Mon; Wed; Fri 8.30-22.00; Tue; Thu 8.30-14.00; Sat 9.30-14.00; Sun 9.00-13.00,,9191 727920
Brauerei Kaiser Grasmannsdorf,Nr. 9,Burgebrach-Grasmannsdorf,Upper,3727,1,1783,Brewery,0,49.838677,10.763145,http://www.brauerei-kaiser.de,Tue-Fri 9.00-23.00; Sat 9.00-18.00; Sun 9.00-12.00 & 14.00-23.00; Mon closed,,9546 390
Brauerei Kanone,Bayreuther Strasse 3,Schnaittach,MIddle,8219,1,1886,Brewery,0,49.56004,11.34079,http://www.brauerei-kanone.de,Mon-Fri 9.00-19.00; Sat 9.00-14.00; Sun closed,,9153 366
Brauerei Keesmann,Wunderburg 5,Bamberg,Upper,2284,1,1867,Brewery,0,49.8905,10.90586,http://www.keesmann-braeu.de,Mon-Fri 9.00-23.00; Sat 9.00-15.00; Sun closed,,951 981980
Brauerei Kitzmann,Südliche Stadtmauerstr. 25,Erlangen,Middle,2934,1,1753,Brewery,0,49.59507,11.009,http://www.kitzmann.de,Mon-Fri 9.00-17.00; Sat 9.00-14.00,,9131 835318
Brauerei Knoblach,Kremmeldorfer Strasse 1,Litzendorf-Schammelsdorf,Upper,3715,1,1880,Brewery,0,49.92627,11.00605,,Tue-Fri 15.30-23.00; Sat & Sun 9.00-23.00; Mon closed,,9505 267
Brauerei Kraus,Luitpoldstrasse 11,Hirschaid,Upper,5151,1,1845,Brewery,0,49.815729,10.987344,http://www.brauerei-kraus.de,Wed-Mon 8.00-24.00; Tue closed,,9543 84440
Brauerei Krug Geisfeld,Alte Dorfstrasse 11,Strullendorf-Geisfeld,Upper,6177,1,1820,Brewery,0,49.881401,11.014066,http://www.brauerei-krug.de,Mon Wed-Fri from 16.00; Sat from 14.00; Sun/hols from 10.15; Tue closed,,9505 484
Brauerei Kürzdörfer,Brauhausgasse 3,Creussen-Lindenhardt,Upper,5082,1,1866,Brewery,0,49.829737,11.534581,http://www.brauerei-kuerzdoerfer.de,Tue-Sat 11.00-23.00; Sun 10.00-23.00; Mon closed,,9246 772
Brauerei Leonhard Schübel,Knollenstrasse 12,Stadtsteinach,Upper,2999,1,1872,Brewery,0,50.16055,11.50413,http://www.schuebel-braeu.de,,,9225 95590
Brauerei Lieberth,Forchheimer Strasse 2,Hallerndorf,Upper,1772,1,1753,Brewery,0,49.759181,10.982498,,Tue-Sun 16.00-24.00; Mon closed,,9545 8558
Brauerei Lindner,Steinfeld 56,Stadelhofen,Upper,13403,1,2011,Brewpub,0,49.97778,11.15735,http://www.gasthof-lindner.de/cms1/,Tue-Sun 11.30-01.00,,9207 275
Brauerei Loscher,Steigerwaldstr. 21-23,Münchsteinach,Middle,2532,1,1881,Brewery,0,49.64059,10.59309,http://www.brauerei-loscher.de,Tue-Sun 11.00-24.00; Mon closed,,9166 607
Brauerei Mager,Hauptstr. 15-17,Pottenstein,Upper,1566,1,1774,Brewery,0,49.77093,11.40821,http://www.brauerei-mager.de,Mon-Sun 9.00-24.00,,9243 333
Brauerei Martin,Viehtriebweg 3,Unterneuses,Upper,10448,1,2009,Brewpub,0,50.08094,10.97395,http://www.bierland-oberfranken.de/deutsch/brauereien/brauereiportraits,,,9573 4382
Brauerei Meister Unterzaunsbach,Unterzaunsbach Nr. 8,Pretzfeld-Unterzaunsbach,Upper,3711,1,1865,Brewery,0,49.737766,11.223168,http://www.xn--meisterbru-y5a.de/,Wed-Mon 9.00-23.00; Tue closed,,9194 9126
Brauerei Meusel,Dreuschendorf 27,Buttenheim-Dreuschendorf,Upper,5346,1,1753,Brewery,0,49.807939,11.058735,,,,9545 7424
Brauerei Müller Reundorf,Lange Strasse 2,Frensdorf-Reundorf,Upper,5153,1,1874,Brewery,0,49.822924,10.887588,http://www.schmausenkeller.de/index.htm,,,9502 280
Brauerei Murmann,Coburger Str. 2-6,Untersiemau,Upper,8500,1,2007,Brewery,0,50.194236,10.973365,http://www.brauerei-murmann.com,,,9565 811
Brauerei Neder,Sattlertorstrasse 10,Forchheim,Upper,3933,1,1753,Brewery,0,49.720153,11.056985,http://mon.de/ofr/neder-brauerei.135785/home.htm,Wed-Mon 9.00-19.00; Tue closed,,9191 2400
Brauerei Penning-Zeissler,Hetzelsdorf Nr. 19,Pretzfeld-Hetzelsdorf,Upper,3772,1,1753,Brewery,0,49.72645,11.203205,,Wed-Fri from 17.00; Sat Sun from 9.00; Mon Tue: 8.00-15.00,,9194 252
Brauerei Pfister,Eggerbachstrasse 22,Eggolsheim-Weigelshofen,Upper,5986,1,1848,Brewery,0,49.787733,11.091884,http://www.brauerei-pfister.de,Thu-Mon 11.00-1.00; Wed 17.00-1.00; Tue closed,,9545 94260
Brauerei Prechtel,Hauptstrasse 24,Uehlfeld,Middle,3730,1,2003,Brewery,0,49.671097,10.723316,http://www.brauerei-prechtel.de,Wed-Mon 9.00-23.00; Tue closed,,9163 228
Brauerei Reblitz,Am Mahlberg 1,Nedensdorf,Upper,10063,1,1805,Brewery,0,50.11597,10.96517,http://www.brauerei-gasthof-reblitz.de,Tue-Fri from 16.00; Sat from 15.00; Sun from 10.00; Mon closed,,9573 96500
Brauerei Reuter,Hauptstrasse 17,Rügland-Unternbibert,Middle,5762,0,0,Brewery,0,49.421714,10.589355,,Mon; Wed-Fri from 16.30; Sat Sun from 10.00; Tue & 3rd Sun closed,,9828 229
Brauerei Rittmayer Aisch,Aischer Hauptstrasse 5,Adelsdorf-Aisch,Middle,3702,1,1753,Brewpub,0,49.719689,10.889217,http://www.rittmayer-aisch.de,Tue-Sun 9.00-14.30 & 17.00-23.00; Mon closed,,9195 7222
Brauerei Rittmayer Hallerndorf,Trailsdorfer Strasse 4,Hallerndorf,Upper,3046,1,1753,Brewery,0,49.759811,10.982744,http://www.rittmayer.de,,,9545 50292
Brauerei Roppelt,Stiebarlimbach Nr. 9,Hallerndorf-Stiebarlimbach,Upper,3729,1,1850,Brewery,0,49.75549,10.94712,http://www.brauerei-roppelt.de,Fri-Tue 9.00-24.00; Wed & Thu closed,,9195 7263
Brauerei Roth,Obere Strasse 24,Schweinfurt,Lower,5644,1,1831,Brewery,0,50.04669,10.23373,http://www.rothbier.de,Tue-Sun 11.00-14.00; from 17.00; Mon closed,,9721 1034
Brauerei Sauer Gunzendorf,Jurastrasse 30,Buttenheim-Gunzendorf,Upper,2581,1,1753,Brewpub,0,49.807977,11.076737,http://www.gunzendorf-live.de,Mon-Fri: 7.00-17.00,,954 5215
Brauerei Sauer Rossdorf,Sutte 5,Strullendorf-Rossdorf am Forst,Upper,4161,1,1784,Brewery,0,49.867683,10.997842,http://www.brauerei-sauer.de,Tue-Sun from 11.00; Mon closed,,9543 1578
Brauerei Sauer Röttenbach,Hauptstrasse 45,Röttenbach,Middle,8820,1,1890,Brewery,0,49.66822,10.925,http://www.bierdeckelsammler.net/deu_brauerei_show_3005.htm,Thu-Tue 13.00-1.00; Wed closed,,9195 7910
Brauerei Schaffer,Badstrasse 5,Schnaittach,Middle,3070,0,0,Brewery,0,49.5597,11.33448,http://www.brauerei-schaffer.de,brewing ceased in 2009,,9153 253
Brauerei Scharpf,Hauptstrasse 16,Sesslach-Heilgersdorf,Upper,5969,1,1870,Brewery,0,50.163771,10.82765,http://www.scharpf-heilgersdorf.de,Wed; Thu; Mon 10.00-13.00; 16.00-22.00; Fri-Sun from 10.00; Tue closed,,9569 1232
Brauerei Scheubel,Steigerwaldstrasse 15,Possenfelden,Upper,1911,0,0,Brewery,0,49.751408,10.668213,,,,
Brauerei Schleicher,Coburger Str. 22,Itzgrund-Kaltenbrunn,Upper,2949,1,1880,Brewery,0,50.124457,10.878375,http://www.brauerei-schleicher.de,Tue-Sun 10.00-24.00; Mon closed,,9533 229
Brauerei Schroll Nankendorf,Nankendorf 41,Waischenfeld-Nankendorf,Upper,968,1,1848,Brewery,0,49.86504,11.33743,http://www.brauerei-schroll.de,Wed-Mon 9.00-23.00; Tue closed,,9204 248
Brauerei Schroll Reckendorf,Hauptstrasse 38,Reckendorf,Upper,8463,1,2007,Brewery,0,50.02001,10.82717,http://plus.google.com/106797507734023175615/about,Fri-Wed 9.00-23.00; Thu closed,,9544 20338
Brauerei Schrüfer,Hauptstrasse 31,Priesendorf,Upper,3803,1,1865,Brewery,0,49.906502,10.711305,,Mon Tue Thu Fri 16.00-24.00; Sat Sun 14.00-24.00; Mon Wed closed,,9545 317
Brauerei Schwarzes Kreuz,Hauptstrasse 33,Eggolsheim,Upper,5963,0,0,Brewery,0,49.770443,11.05746,http://www.bierfranken.eu/brauerei-detail.php?id&#061,Thu-Tue 9.00-23.00; Wed closed,,9545 8843
Brauerei Simon (Kaiser Bräu),Heroldstr. 12,Lauf an der Pegnitz,Middle,3948,1,1831,Brewery,0,49.515584,11.279806,http://www.brauerei-simon.de,,,9123 2323
Brauerei Sippel,Burgstrasse 20,Baunach,Upper,9519,0,0,Brewpub,0,49.987024,10.850467,http://www.bierdeckelsammler.net/deu_brauerei_show_2212.htm,brewing ceased in August 2010,,9544 2488
Brauerei Spezial,Obere Konigstrasse 10,Bamberg,Upper,2040,1,1753,Brewery,0,49.896998,10.89281,http://www.brauerei-spezial.de,Sun-Fri 9.00-23.00; Sat 9.00-14.00,,9512 4304
Brauerei Stadter,Schlossstrasse 26,Aufsess-Sachsendorf,Upper,4793,1,1884,Brewery,0,49.914815,11.234633,http://www.brauerei-stadter.de,,,9274 786
Brauerei Stefansbräu Dinkelbrauer,Wilhelmshöhe 1,Dinkelsbühl,Middle,12006,1,2010,Brewery,0,49.07637,10.335016,http://www.dinkelbrauer.de,Thu-Fri 9.00-18.00; Sat 9.00-15.00; Mon Tue Wed Sun closed,,9851 582393
Brauerei Strauss,An der Rohrach 17,Treuchtlingen-Wettelsheim,Middle,7796,1,1797,Brewery,0,48.981834,10.886317,http://www.wettelsheimer-bier.de,,,9142 8389
Brauerei Thein,Steinhauser Strasse 28,Eltmann-Lembach,Lower,4907,0,0,Brewery,0,49.929894,10.694376,http://bierecke-im-steigerwald.de/brauereien/b3.html,Wed-Sun 9.00-23.00; Mon Tue closed,,9549 391
Brauerei Thereser,Bahnstrasse 3,Untertheres,Lower,4902,0,0,Brewery,0,50.015128,10.417299,http://www.thereser.de,,,
Brauerei Trunk (Alte Klosterbrauerei Vierzehnheiligen),Vierzehnheiligen 3,Bad Staffelstein,Upper,3713,1,1803,Brewery,0,50.11476,11.05556,http://www.bier.by/brauerei-guide/brauerei-trunk-alte-klosterbrauerei-1,Mon-Sun 10.00-20.00,,9571 3488
Brauerei Wagner Merkendorf,Pointstrasse 1,Memmelsdorf-Merkendorf,Upper,3794,1,1797,Brewery,0,49.958199,10.956463,http://www.wagner-merkendorf.de,Tue-Sun from 9.00; Mon closed,,9542 620
Brauerei Wagner Oberhaid,Bamberger Strasse 2,Oberhaid,Upper,4821,0,0,Brewery,0,49.932292,10.81452,http://brauerei-wagner-oberhaid.npage.de,Mon-Sun 10.00-1.00,,9503 229
Brauerei Wagner,Am Stadtgraben 3,Pottenstein,Upper,12777,1,2011,Brewery,0,49.77094,11.40655,http://www.urbraeu-pottenstein.de/historisches/,,,9243 924420
Brauerei Weber,Ringstrasse 46,Hirschaid-Röbersdorf,Upper,4888,1,1800,Brewery,0,49.800101,10.924429,http://weber.brauereien.bierland-oberfranken.de,Thu-Tue 10.00-24.00; Wed closed,,9543 7882
Brauerei Wernsdörfer,Obere Bachgasse 5,Schönbrunn im Steigerwald,Upper,8558,1,1789,Brewery,0,49.857326,10.690909,http://www.brauerei-wernsdoerfer.de,Wed-Mon 9.00-24.00; Tue closed,,9546 389
Brauerei Wiethaler,Welserplatz 6-7,Lauf-Neunhof,Middle,5091,1,1753,Brewery,0,49.554495,11.229911,http://brauerei-wiethaler.de,Mon-Fri 7.00-12.00; 13.00-18.00; Sat 8.00-13.00,,9126 7651
Brauerei Will Schederndorf,Nr. 19,Stadelhofen-Schederndorf,Upper,4799,1,1753,Brewery,0,50.005644,11.154139,http://www.schederndorf.de,Mon; Wed-Sat 11.00-24.00; Sun 10.00-24.00; Tue closed,,9504 262
Brauerei Windsheimer,Hauptstrasse 13,Gutenstetten,Middle,3734,1,1767,Brewery,0,49.615842,10.630059,http://brauerei-windsheimer.de,Tue-Sun from 18.00; Mon closed,,9161 2293
Brauerei Winkler Melkendorf,Otterbachstrasse 13,Litzendorf-Melkendorf,Upper,10511,1,1889,Brewpub,0,49.89947,11.03122,http://www.brauerei-winkler.onlinehome.de,Mon Wed-Fri from 16.00; Sat Sun/hols from 10.00; Tue closed,,9505 805646
Brauerei Witzgall,Schlammersdorfer Strasse 17,Hallerndorf-Schlammersdorf,Upper,5962,1,1811,Brewery,0,49.769283,11.005567,,Fri-Wed 9.00-23.00; Thu closed,,9545 7452
Brauerei Wolf Rüdenhausen,Paul-Gerhardt-Platz 7,Rüdenhausen,Lower,8321,1,1753,Brewery,0,49.76431,10.34325,http://beerme.com/brewery.php?8032,Tue-Sun 11.00-14.30 & 17.00-23.00; Mon closed,,9383 440
Brauerei Zehendner,Haus Nr. 18,Burgebrach-Mönchsambach,Upper,3700,1,1899,Brewery,0,49.81917,10.67698,http://www.moenchsambacher.de,Tue-Sun 9.00-24.00; Mon closed,,9546 380
Brauerei Zenglein,Pfarrer-Baumann-Str. 21-23,Oberaurach-Oberschleichach,Lower,5974,1,1846,Brewery,0,49.948454,10.596932,,Thu-Mon from 9.00; Tue Wed closed,,9529 92240
Brauerei Zirndorf (Tucher),Rote Strasse 8-10,Zirndorf,Middle,4978,1,1753,Brewery,0,49.442701,10.954822,http://www.zirndorfer.de,Tue-Sat 17.00-1.00; Sun 11.00-1.00; Mon closed,,9116 07051
Brauerei zum Schwarzen Adler (Oettinger),Fürnheim,Wassertrüdingen,Middle,4706,1,2004,Client Brewer,0,49.021957,10.524041,http://www.bagehorn.de/bierpage/samml/1_01_s.htm,,,9082 708111
Brauerei zur Sonne,Regnitzstrasse 2,Bischberg,Upper,3802,1,2003,Brewery,0,49.91074,10.83216,http://www.sonnenbier.de/index.php?mode&#061,,,9516 2571
Brauerei Zwanzger,Burghaslacher Strasse 10,Uehlfeld,Middle,2016,1,1753,Brewery,0,49.67171,10.72178,http://www.brauerei-gasthof-zwanzger.de,Tue-Sun 9.30-24.00; Mon closed,,9163 959756
Brauerei-Gasthaus Fössel-Mazour,Baunacher Strasse 28,Appendorf,Upper,4792,1,2004,Brewpub,0,49.969288,10.802216,http://brauerei-zum-vaelta.de/home/,Wed-Mon 8.00-23.00; Tue closed,,9544 20390
Brauerei-Gasthaus Thomann,Altmainstrasse 5,Bad Staffelstein-Wiesen,Upper,5971,1,1870,Brewery,0,50.096362,10.951892,http://www.gasthaus-thomann.de,Wed-Fri 16.00-23.00; Sat-Mon 11.00-23.00; Tue closed,,9573 5296
Brauerei-Gasthof Höhn,Hauptstrasse 11,Memmelsdorf,Upper,3865,1,2003,Brewpub,0,49.93315,10.9522,http://www.gasthof-hoehn.de/html/,Wed-Mon from 10.00; Tue closed,,9514 06140
Brauerei-Gasthof Hümmer,Bamberger Strasse 22,Breitengüssbach,Upper,494,0,0,Brewery,0,49.96979,10.88501,http://www.brauerei-gasthof-huemmer.de,Oct-Apr: Tue-Sat: 10-13.30 & 17.00-; Sun: from 9 -- May-Sep: Tue-Sat: from 10; Sun from 9. Closed Mon,,9544 20344
Brauerei-Gasthof Kundmüller,Weiher 13,Viereth-Weiher,Upper,1822,1,1835,Brewery,0,49.91309,10.75108,http://www.kundmueller.de,Thu-Tue from 9.00; Wed closed,,9503 4338
Brauerei-Gasthof Leicht,Pferdsfeld 3,Ebensfeld-Pferdsfeld,Upper,10001,1,1870,Brewpub,0,50.079894,10.990768,http://gasthof-leicht.brauereien.bierland-oberfranken.de,Fri-Sun from 11.00; Mon-Wed from 16.00; Thu closed,,9573 236
Brauerei-Gasthof Schnupp,Altdrossenfeld 8,Neudrossenfeld-Altdrossenfeld,Upper,4214,0,0,Brewery,0,50.011705,11.495921,http://www.brauereigasthof-schnupp.de,Thu Fri 17.00-24.00; Sat Sun 15.00-24.00,,9203 9920
Brauerei-Gasthof Sonne (Sonnenbräu),Hauptstrasse 29,Ebermannstadt,Upper,5130,0,0,Brewery,0,49.780023,11.186721,http://www.bierdeckelsammler.net/deu_brauerei_show_1000.htm,Thu-Tue 7.00-24.00; Wed 16.00-24.00,,9194 767480
Brauerei-Gasthof Weyberbräu,Kurfürst-Eppstein-Ring 6,Sailauf,Lower,8342,1,1998,Brewpub,0,50.00484,9.24066,http://www.weyberbraeu.de,Mon-Fri 11.00-14.00 & 17.00-22.00; Sat & Sun/hols 11.00-22.00,,6093 996310
Brauerei-Gasthof Wichert,Alte Reichsstrasse 50,Lichtenfels-Oberwallenstadt,Upper,9530,1,1863,Brewpub,0,50.152848,11.086595,http://www.brauereigasthof-wichert.de,Brewery: Daily 7.00-16.00; Pub: Tue-Sun from 11.00; Mon closed,,9571 3317
Brauereigasthof Reichold,Hochstahl 24,Aufsess,Upper,2296,1,1906,Brewery,0,49.884225,11.267616,http://www.reichold.de,Daily 8.00-18.00,,9204 271
Brauereigasthof Rothenbach (Aufsesser Brauerei),Im Tal 70b,Aufsess,Upper,2944,1,1886,Brewery,0,49.883913,11.228983,http://www.aufsesser.de,Mon-Sun 9.00-23.00; Closed: Tue (Nov-Mar) and Mon-Thu (Dec-Feb),,9198 8282
Brauereigaststätte Hellmuth,Wiesen 14,Bad Staffelstein-Wiesen,Upper,3709,1,1756,Brewery,0,50.09595,10.94945,http://www.gasthaus-hellmuth.de,Tue-Sun from 11.00; Mon closed,,9573 4395
Braugasthof Grosch,Oeslauer Strasse 115,Rödental-Oeslau,Upper,5956,1,1753,Brewery,0,50.288601,11.029693,http://www.der-grosch.de,Mon-Sun 8.00-23.00,,9563 7500
Brauhaus am Kreuzberg (Friedels Keller),Hallerndorfer Kreuzberg,Hallerndorf-Schnaid,Upper,1498,1,1753,Brewpub,0,49.759123,10.9555229,http://www.friedels-keller.de,Apr-Okt: daily from 11; Okt-Apr: Fri-Sun: from 11,,9545 4736
Brauhaus Barbarossa,Aschaffenburger Str. 18,Schöllkrippen,Lower,4990,1,1990,Brewery,0,50.08402,9.245527,http://www.brauhaus-barbarossa.de,Tue-Sat 1730-0100; Sun 1100-0100; Mon closed,,6024 5454
Brauhaus Binkert,Westring 5,Breitengüssbach,Upper,15335,1,2012,Brewery,0,49.963734,10.88194,http://www.mainseidla.de,,,9544 982500
Brauhaus Brandmeier,Hindenburgstrasse 59,Cadolzburg,Middle,17635,1,2013,Brewery,0,49.45419,10.85131,http://brauhaus-brandmeier.de,,,9103 7129990
Brauhaus Döbler,Kornmarkt 6,Bad Windsheim,Middle,3804,1,1867,Brewery,0,49.501903,10.416005,http://www.brauhaus-doebler.de,Mon Wed  Fri 9.00-23.00; Tue until 13.00; Thu until 19.00; Sat until 17.00; Sun/hols closed,,9841 2002
Brauhaus Faust zu Miltenberg,Hauptstrasse 219,Miltenberg am Main,Lower,3879,1,1753,Brewery,0,49.894714,9.235398,http://www.faust.de,Mon-Thu 7.30-12.00 & 13.15-17.00; Fri 7.30-12.00 & 13.15-16.00,,9371 97130
Brauhaus Höchstadt,Kellerstrasse 7-11,Höchstadt an der Aisch,Middle,8108,1,1926,Brewery,0,49.707336,10.806406,http://www.brauhaus-hoechstadt.de,Mon-Fri 7.15-17.30; Sat 8.00-12.00,,9193 8367
Brauhaus im Wurzgrund,Im Wurzgrund 6,Karlstadt,Lower,6225,1,1990,Brewery,0,49.957199,9.777682,http://www.brauerverein.de,,,9353 3759
Brauhaus Niederlauer,Brunnenstrasse 6,Niederlauer-Oberebersbach,Lower,12035,1,2006,Brewery,0,50.293147,10.176781,http://www.hausbrauerbier.de,,,9771 98732
Brauhaus Ploss,Schillerstrasse 23,Selb,Upper,8530,1,2007,Brewpub,0,50.17151,12.13149,http://www.brauhaus-ploss.de,Mon-Sat 10.30-1.30; Sun closed,,9287 890342
Brauhaus Robesbierre,Oberer Stephansberg 49,Bamberg,Upper,5678,0,0,Brewery,0,49.884771,10.887606,http://www.franconiabeerguide.com/robesbierre.asp,,,
Brauhaus Rothenburg,Schmidtsgässchen 3/5,Rothenburg ob der Tauber,Middle,12042,0,0,Brewery,0,49.379454,10.182329,http://www.brauerei-rothenburg.de,Mon-Fri 9.00-12.00 & 13.00-18.00; Sat 9.00-13.00,,9861 8755830
Brauhaus Schweinfurt,Klingenbrunnstr. 22-26,Schweinfurt,Lower,3674,1,1903,Brewery,0,50.05297,10.23405,http://www.brauhaus-schweinfurt.de,,,9721 53611
Brauhaus Würzburg,Burkarderstrasse 2-4,Würzburg,Lower,8339,1,2007,Brewpub,0,49.792795,9.92429,http://www.brauhausbar.de,Mon-Sun 19.00-1.00,,931 43159
Brauhaus zum Adler Gunzenhausen,Marktplatz 8-12,Gunzenhausen,Middle,7995,1,2006,Brewery,0,49.115373,10.753347,http://www.hotel-adlerbraeu.de,,,9831 88670
Braumanufaktur Hertl,Thüngfeld 61,Schluesselfeld,Upper,18666,1,2014,Brewery,0,49.750923,10.628244,http://www.bierland-oberfranken.de/deutsch/brauereien/brauereiportraits,,,9552 981028
Braumanufaktur Lippert,Wittelsbacher Strasse 8,Lichtenfels,Upper,16731,1,2013,Brewery,0,50.1419,11.07385,http://www.braumanufaktur-lippert.de,,,9571 9739241
Bürgerbräu Bayreuth,Bindlacherstrasse 10,Bayreuth,Upper,1472,1,2001,Brewery,0,49.96701,11.6072,http://www.buergerbraeu-bth.de,,,921 67673
Bürgerbräu Hersbruck Deinlein,Lohweg 38,Hersbruck,Middle,8114,1,1920,Brewery,0,49.50682,11.42837,http://www.hersbrucker-bier.de,Mon-Thu 7.00-12.00 & 13.00-16.30; Fri 7.00-13.30,,9151 3003
Bürgerbräu Hof,Ascher Strasse 3,Hof,Upper,6921,1,2006,Brewery,0,50.311639,11.934797,http://www.bbhof.de,Daily from 10.00,,9281 73660
Bürgerliches Brauhaus Wiesen,Hauptstrasse 97,Wiesen,Lower,5670,1,1888,Brewery,0,50.113065,9.363553,http://www.brauhaus-wiesen.de,,,6096 373
Coburger Brauerei (Kulmbacher),Callenberger Str. 35,Coburg,Upper,3085,1,1833,Brewery,0,50.269431,10.952897,http://www.kulmbacher.de,,,9561 55000
Nanni Bräu,Freiahorn 27,Ahorntal,Upper,21290,1,2008,Brewery,,49.843664,11.428801,http://www.facebook.com/NanniBrau,,,491758619907
Dorn-Bräu Ammerndorf,Marktplatz 1,Ammerndorf,Middle,8303,1,2007,Brewery,0,49.42063,10.85187,http://www.ammerndorfer-bier.de,,,9127 57544
Dorn-Bräu Bruckberg,Markgrafenstrasse 3,Bruckberg,Middle,8329,1,2007,Brewery,0,49.358445,10.697453,http://www.bruckberg.de/showpage.php?SiteID&#061,Wed-Mon 9.00-24.00; Tue 9.00-14.00,,9824 326
Dreykorn Bräu,Mauergasse 9-13,Lauf an der Pegnitz,Middle,8191,1,1831,Brewery,0,49.5119,11.2799,http://plus.google.com/104399142028530272306/about,,,9123 2424
Drossenfelder Bräuwerck,Adam-Seiler-Strasse 1,Neudrossenfeld,Upper,16001,1,2013,Brewpub,0,50.016794,11.501378,http://www.braeuwerck.de,Tue-Fri 17.00-23.00; Sat-Sun 11.00-23.00; Mon closed,,9203 99324
Ebensfelder Brauhaus,Oberer Kehlbachdamm 7,Ebensfeld,Upper,1893,1,2001,Brewery,0,50.066257,10.9597519,http://www.ebensfelder-brauhaus.de,,,9573 885
Ed's Braustüble,Adami-Strasse 2,Coburg,Upper,12005,1,2010,Brewpub,0,50.260585,10.957189,http://www.bier.by/gastro-guide/ed-s-braustuble-1.3478883,Tue-Fri from 16.30; Sat Sun Mon closed,,9561 34580
Eder and Heylands Brauerei,Aschaffenburger Str. 3,Grossostheim,Lower,2993,1,1872,Brewery,0,49.922288,9.075112,http://www.eder-heylands.de,Tue-Sun 11.00-14.00 & 16.00-24.00; Mon closed,,6026 5090
Enzensteiner,Enzenreuth 8,Schnaittach-Enzenreuth,Middle,8970,1,1998,Brewery,0,49.56178,11.36854,http://www.enzensteiner.de,Biergarten: May-Sep: Fri 18.00-22.00; Sat & Sun/hols 11.00-22.00,,9153 924734
Eschenbacher Privatbrauerei Wagner-Bräu,Eltmanner Strasse 12,Eltmann-Eschenbach,Lower,4512,1,1753,Brewery,0,49.966582,10.701607,http://www.eschenbacher.de,Tue-Sun 17.00-22.00; Mon closed,,9522 288
Familien-Brauhaus Leikeim,Langheimer Strasse 14,Altenkunstadt,Upper,1649,1,1887,Brewery,0,50.1248,11.24695,http://www.leikeim.de,,,9572 75050
Felsenbräu Thalmannsfeld,Felsenweg 2,Thalmannsfeld,Middle,2925,1,1928,Brewery,0,49.069687,11.150919,http://www.solarbier-felsenbraeu.de,,,9147 94266
Forstquell Brauerei Höhenberger (Oettinger),Fürnheim 35,Wassertrüdingen,Middle,5912,1,1997,Brewpub,0,49.021946,10.524019,http://www.forstquell.de,Mon-Sun 11.00-24.00,,9832 9657
Franken Bräu Lorenz Bauer,Neundorf 41,Mitwitz-Neundorf,Upper,2035,1,1753,Brewery,0,50.26156,11.21368,http://www.frankenbraeu.de,,,9266 721
Freundeskreis Brauerei Adam Weller Erlangen,Theaterplatz 17,Erlangen,Middle,13598,1,2011,Client Brewer,0,49.601165,11.005525,http://www.weller-bier.de,,,
Fürstliches Brauhaus Ellingen,Schlossstrasse 19,Ellingen,Middle,8985,1,1753,Brewery,0,49.061767,10.965378,http://www.fuerst-carl.de,Tue-Sun 10.00-23.00; Mon closed,,9141 97860
Gambrinusbräu Unterhaid,Hauptstrasse 76,Oberhaid-Unterhaid,Upper,4791,1,2004,Brewery,0,49.936388,10.786645,http://www.franconianbeerguide.com,,,
Gampertbräu,Braustrasse 2-4,Weissenbrunn,Upper,457,1,1753,Brewery,0,50.20002,11.34621,http://www.gampertbraeu.de,,,9261 60330
Gänstaller Bräu,Schnaid 10,Hallerndorf,Upper,12331,1,2011,Brewery,0,49.77013,10.9486,http://www.gaenstaller.de,Call,,170 7964691
Gasthaus Brauerei Leuchtturm,Ansbacher Strasse 9,Gunzenhausen,Middle,1832,0,0,Brewery,0,49.12145,10.75201,http://www.leuchtturm-gunzenhausen.de,Wed-Mon: 11.00-23.00,,
Gasthausbrauerei Ambräusianum,Dominikanerstr. 10,Bamberg,Upper,4974,1,2004,Brewpub,0,49.892014,10.884743,http://www.ambraeusianum.de,,,9515 090262
Gasthausbrauerei Hufeisen,Hauptstrasse 36-38,Pottenstein,Upper,2579,1,1803,Brewpub,0,49.77112,11.41045,http://www.hufeisen-braeu.de,Tue-Sun 9.00-23.00; Mon closed,,9243 260
Gentner Bräu,Dr.-Johann-Baptist-Kurz-Platz 2,Wolframs-Eschenbach,Middle,5761,0,0,Brewery,0,49.225944,10.727813,http://www.gentner-braeu.de,closed 2005,,9875 97500
Gick-Bräu,Lichtenfelser Str. 17,Burgkunstadt,Upper,2578,0,0,Brewpub,0,50.142,11.24447,http://gick.brauereien.bierland-oberfranken.de,closed 2006,,
Gottsmannsgrüner Brauerei (Bischofshof),Von-Koch-Str. 2,Berg-Gottsmannsgrün,Upper,4422,1,1753,Brewery,0,50.385011,11.800521,http://www.gottsmannsgruener.com,,,9293 933010
Hans Müller Sommelierbier,Würzburger Str. 152,Aschaffenburg,Lower,16684,1,2013,Client Brewer,0,49.967304,9.166756,http://www.sommelierbier.de,,,6021 5808990
Hauf-Bräu Dentlein,Dinkelsbühler Strasse 5,Dentlein am Forst,Middle,6109,1,1753,Brewery,0,49.147466,10.422599,http://www.dentleiner.com,,,9855 9520
Hausbräu Stegaurach,Ruhlstrasse 6,Stegaurach,Upper,8102,1,2000,Brewery,0,49.86062,10.8552,http://www.hausbraeu-stegaurach.de,,,9512 99709
Hausbrauerei Altstadthof,Bergstrasse 19/21,Nürnberg,Middle,2437,1,1984,Brewpub,0,49.456976,11.074863,http://www.altstadthof.de,Mon-Fri 11.00-1.00,,911 227217
Hausbrauerei Düll Gnodstadt,Pfarrer-Geyer-Str. 1,Marktbreit-Gnodstadt,Lower,8338,1,2007,Brewery,0,49.637435,10.12048,http://www.duell-gnodstadt.de,Mon; Tue; Thu & Fri 11.30-14.00 & 17.00-22.00; Sat & Sun 11.30-22.00;  Wed closed,,9332 8663
Hausbrauerei Höpfl,Neubaustrasse 6,Steinfeld-Waldzell,Lower,9490,1,2007,Brewery,0,49.944349,9.628727,http://www.hausbrauerei-hoepfl.de,,,9396 1532
Hausbrauerei Kohlenmühle,Bamberger Strasse 53,Neustadt an der Aisch,Middle,8109,1,2006,Brewpub,0,49.58411,10.61476,http://www.kohlenmuehle.de,Mon 17.00-23.00; Tue-Fri 11.00-23.00; Sat 11.00-24.00; Sun 10.00-23.00; Closed winter,,9161 662270
Hausbrauerei Pfarrbräu,Am Dorfplatz 8,Karlstadt-Stadelhofen,Lower,13396,1,2010,Brewery,0,49.93281,9.70744,http://www.pfarrbraeu.de/index.html,Call,,9396 995956
Hausbrauerei Reichert (Metzgerbräu),Stublanger Strasse 2,Bad Staffelstein-Uetzing,Upper,9529,1,2004,Brewery,0,50.08599,11.06799,http://www.bierdeckelsammler.net/deu_brauerei_show_5826.htm,Mon-Fri 6.30-12.15 & 14.00-18.00; Sat 6.30-13.00; Sun closed,,9573 6304
Hausbrauerei Schobert,Saarbrückener Strasse 2,Zirndorf,Middle,13810,1,2011,Brewery,0,49.444738,10.961012,http://de-de.facebook.com/pages/Hausbrauerei-Schober/303644902999772,,,911 604658
Hechtbräu Zimmern,Zimmern 59,Pappenheim,Middle,13684,1,2011,Brewery,0,48.92698,10.98369,http://www.hechtbraeu-zimmern.de,Wed 16.00-19.00; Thu 16.00-19.00; Fri 15.00-18.00; Sat 10.00-13.00,,9143 212539
Heidecker Lindwurmbräu,Hauptstrasse 18,Heideck,Middle,2455,1,2002,Brewpub,0,49.131795,11.125575,http://www.heidecker-lindwurmbraeu.de,May-September. Mon-Tue: from 17.00;Thu-Sat from 11.00; Sun from 10.00; Wed closed,,9177 4856633
Held Bräu Oberailsfeld,Oberailsfeld 19,Ahorntal-Oberailsfeld,Upper,4268,1,1753,Brewery,0,49.81246,11.353616,http://www.held-braeu.de,Thu-Tue 10.00-23.00; Wed closed,,9242 295
Hochholzer Brauhaus,Hochholz 4a,Solnhofen,Middle,12013,1,2010,Brewery,0,48.90076,11.02949,http://www.hochholzer-brauhaus.de,,,9145 837237
Hohe-Wart-Bräu,Gabelsbergerstr. 9,Aschaffenburg,Lower,10118,1,2008,Brewpub,0,49.96997,9.14883,http://www.hohewart-haus.de,Daily 10.00-22.00,,602 33980
Homburger Bräuscheuere,Zeller Tor 6,Triefenstein,Lower,9500,1,2007,Brewpub,0,49.79269,9.62337,http://www.braeuscheuere.de,Mon Tue closed; Wed-Sat: 17.30-24.00; Sun & holidays: 11.30-23.00,,9395 876882
Hönicka-Bräu,Hofer Strasse 31,Wunsiedel,Upper,2906,1,1778,Brewery,0,50.041575,11.996157,http://www.hoenicka.de,shop: Mon-Fri 7.00-12.00 & 13.00-17.00; Sat 9.00-12.00,,9232 2044
Hübner Bräu,Steinfeld 69,Stadelhofen-Steinfeld,Upper,4278,1,1904,Brewery,0,49.978067,11.154635,http://www.huebner-braeu.de,Fri 12.00-23.00; Sat-Wed 9.00-23.00; Thu closed; Jan-Mar: Sat-Thu 9.00-23.00; Fri closed,,9207 259
Hübner-Bräu Wattendorf,Hauptstrasse 28,Wattendorf,Upper,5972,1,1806,Brewery,0,50.032672,11.12652,http://www.brauerei-huebner.de,Mon 16.00-23.00; Tue Thu-Sun 11.30-23.00; Wed closed,,9504 207
Jahns-Bräu (Christoph Jahn Erben Brauerei),Kronacher Strasse 22,Ludwigsstadt,Upper,1775,0,0,Brewery,0,50.483726,11.392237,http://www.jahns-braeu.de,Tue-Wed 14.30-18.00; Thu-Fri 9.00-12.00; 14.30-18.00; Sat 9.00-12.30,,
Jura-Bräu,Am Buchauer Berg 8,Pegnitz,Upper,5191,1,1900,Brewery,0,49.758562,11.542908,http://www.jura-braeu.de,Mon-Fri 7.00-12.00; 13.00-16.00; Sat 9.00-11.30,,9241 2019
Kaiser Bräu,Oberer Markt 1,Neuhaus an der Pegnitz,Middle,2545,1,1929,Brewery,0,49.62828,11.54975,http://www.kaiser-braeu.de,Mon-Thu 7.00-16.30; Fri 7.00-13.00; Sat 8.00-11.30,,9156 880
Kaiserdom Privatbrauerei,Breitackerstr. 9,Bamberg-Gaustadt,Upper,586,1,1900,Brewery,0,49.90425,10.85236,http://www.kaiserdom.de,,,951 60450
Kaiserhof-Bräu,Friesener Str. 1,Kronach,Upper,6338,1,1879,Brewery,0,50.241055,11.327909,http://www.kaiserhofbraeu.de,Tue-Sun 10.00-14.00; 17.00-24.00; Mon closed,,9261 628000
Kalt-Loch Bräu,Hauptstrasse 201,Miltenberg,Lower,4805,0,0,Brewery,0,49.699302,9.250601,http://www.kaltlochbraeu.de,Thu-Tue 11.00-22.00; Wed closed,,9371 2283
Karmeliter Bräu,Ludwig-Elsbett-Strasse 8,Bad Neustadt-Salz,Lower,6013,1,1753,Brewery,0,50.296883,10.193424,http://www.karmeliter-braeu.de,Mon-Thu 7.00-12.00; 13.30-16.00; Fri 7.00-12.00; 13.30-15.00,,9771 1323
Kathi-Bräu,Heckenhof 1,Aufsess-Heckenhof,Upper,6221,1,1753,Brewpub,0,49.879362,11.24434,,Daily from 9,,9198 277
Kauzen-Bräu,Uffenheimer Strasse 17,Ochsenfurt,Lower,3179,1,1809,Brewery,0,49.659696,10.071217,http://www.kauzen.de,,,9331 87250
Keiler Bier (Würzburger Hofbräu),Ludwigstrasse 2,Lohr am Main,Lower,1849,1,1878,Brewery,0,49.99514,9.57155,http://www.keilerbier.de,,,9314 1090
Kelterei Stenger Hösbach,Industriestr. 12,Hösbach,Lower,18798,1,2014,Brewery,0,50.00886,9.22235,http://www.stengersfruchterlebnis.de/index.html,,,6021 4488844
Kleinbrauerei Schorschbräu,Oberasbach 16a,Gunzenhausen-Oberasbach,Middle,1506,1,1999,Brewery,0,49.10345,10.78748,http://www.schorschbraeu.de,,,9831 1868
Klosterbräu Bamberg,Obere Mühlbrücke 1,Bamberg,Upper,1815,1,2001,Brewpub,0,49.8891,10.88699,http://www.klosterbraeu.de,,,9515 2265
Klosterbräu Marienweiher,Marienweiher 6,Marktleugast,Upper,12020,0,0,Brewpub,0,50.15787,11.63546,http://www.kloster-gasthof.de,Daily from 11.00,,9255 8077350
Klosterbrauerei Kreuzberg,Kreuzberg 2,Bischofsheim an der Rhön,Lower,4421,1,2004,Brewery,0,50.370726,9.975329,http://www.kreuzbergbier.de/brauerei/index.php,Dec-Oct: Mon-Sun 8.00-20.00,,9772 91240
Klosterbrauerei Münnerstadt (Rother Bräu),Am Dicken Turm 14,Münnerstadt,Lower,3104,1,1753,Brewery,0,50.251106,10.193054,http://www.rotherbraeu.de/brauerei/kloster-muennerstadt/,,,9733 9407
Klosterbrauerei Weissenohe,Klosterstrasse 20,Weissenohe,Upper,3892,1,1753,Brewery,0,49.629362,11.252383,http://www.klosterbrauerei-weissenohe.de,brewery: Mon-Fri 7.30-18.00; Sat 9.00-12.30;  pub: Tue 15.00-24.00; Wed-Sun 11.00-24.00; Mon Tue closed,,9192 591
Kommunbrauhaus Neuhaus an der Pegnitz,Plecher Strasse 5,Neuhaus an der Pegnitz,Middle,5139,1,2004,Brewery,0,49.629671,11.549738,,,,
Kommunbrauhaus Sesslach,Pfarrgasse 105,Sesslach,Upper,9985,1,1753,Brewery,0,50.187605,10.8416,http://www.gasthof-reinwand.de/brauhaus.htm,,,9569 452
Krug-Bräu Breitenlesau,Breitenlesau 1b,Waischenfeld-Breitenlesau,Upper,2034,1,1834,Brewery,0,49.86165,11.29092,http://www.krug-braeu.de,Tue-Sun 8.00-24.00; Mon closed,,9202 535
Kulmbacher Brauerei (Schörghuber),Lichtenfelser Strasse 9,Kulmbach,Upper,897,1,1872,Brewery,0,50.106,11.44418,http://www.kulmbacher.de,brewery: Mon-Thu 8.00-16.00; Fri -15.00; Sat 9.00-11.02,,9221 7050
Kulmbacher Kommunbräu,Grünwehr 17,Kulmbach,Upper,6922,1,1992,Brewpub,0,50.110529,11.465208,http://www.kommunbraeu.de,Daily from 10.00,,9221 84490
Lammbräu Eltmann,Dr.-Georg-Schäfer-Strasse,Eltmann,Lower,3765,0,0,Brewery,0,49.967352,10.663506,,brewing ceased 2005,,
Lammbräu Walter Dauer,Forchheimer Strasse,Strullendorf,Upper,2580,0,0,Brewpub,0,49.844904,10.968994,http://www.bierdeckelsammler.net/deu_brauerei_show_1364.htm,brewing ceased 1983,,
Landwehr-Bräu Wilhelm Wörner,Reichelshofen 31,Steinsfeld-Reichelshofen,Middle,2628,1,1755,Brewery,0,49.440006,10.21264,http://www.landwehr-braeu.de,shop: Mon-Thu 7.00-16.30; Fri 7.00-12.00; brewpub: Mon-Sun 7.00-23.00,,9865 9890
Lang-Bräu,Bayreuther Strasse 18,Wunsiedel-Schönbrunn,Upper,2908,1,1853,Brewery,0,50.027264,11.96979,http://www.lang-braeu.de,shop: Mon-Fri 7.00-18.00; Sat 8.00-12.00,,9232 2197
Lindenbräu Strullendorf,Forchheimer Strasse,Strullendorf,Upper,694,0,0,Brewpub,0,49.842022,10.971706,,brewing ceased 1982,,
Löwen-Bräu Hennemann,Am Dorfbrunnen 13,Stublang,Upper,5968,1,2005,Brewery,0,50.078046,11.043764,http://www.brauerei-hennemann.de,Mon closed,,9573 96100
Löwenbräu Buttenheim,Marktstrasse 8,Buttenheim,Upper,2996,1,1880,Brewery,0,49.801823,11.031673,http://www.loewenbraeu-buttenheim.de,brewery: Mon-Sun 7.00-18.00;  brewpub: Tue-Sun 9.00-24.00; Mon closed,,9545 332
Löwenbräu Neeb,Michelsberg 1,Oberaurach-Unterschleichach,Lower,3806,0,0,Brewery,0,49.942939,10.605491,,Mon-Sun 10.00-24.00; Wed closed,,9529 277
Löwenbräu Neuhaus,Neuhauser Hauptstr. 3,Adelsdorf-Neuhaus,Middle,3005,1,1753,Brewery,0,49.68892,10.87519,http://www.zum-loewenbraeu.de,Wed-Sun 10.00-14.00; Mon-Sun 17.30-23.00,,9195 7221
Löwenbräu Vestenberg,Vestenberg Nr. 13,Petersaurach-Vestenberg,Middle,8298,0,0,Brewery,0,49.328056,10.688889,,Tue-Sat 9.00-23.00; Sun 17.00-23.00; Mon closed,,9852 7215
Mahrs Bräu,Wunderburg 10,Bamberg,Upper,898,1,1895,Brewery,0,49.8901,10.90668,http://www.mahrs.de,Mon-Sun 9.00-23.00,,951 915170
Maisel Bräu Bamberg,Moosstrasse 46,Bamberg,Upper,684,0,0,Brewery,0,49.89278,10.91305,http://www.maisel-bamberg.com,Closed 2008,,
Martinsbräu,Georg-Mayr-Strasse 4,Marktheidenfeld,Lower,3405,1,1883,Brewery,0,49.849207,9.601738,http://www.martinsbraeu.de,Shop: Mon-Fri 7.00-17.00; Sat 9.30-11.00,,9391 50080
Meinel-Bräu,Alte Plauener Strasse 24,Hof,Upper,4143,1,2003,Brewery,0,50.326364,11.917026,http://www.meinel-braeu.de,,,9281 3514
Mühlenbräu Merklein,Brückenstrasse 19,Stegaurach-Mühlendorf,Upper,5758,1,1793,Brewery,0,49.868829,10.812641,http://www.bierland-oberfranken.de/deutsch/brauereien/brauereiportraits,Mon from 16.00; Wed-Sun from 11.00; Tue closed,,951 29119
Müller Franz Brauerei Debring,Würzburger Strasse 1,Stegaurach-Debring,Upper,5759,1,1872,Brewery,0,49.857745,10.857537,http://www.bierland-oberfranken.de/deutsch/brauereien/bierverkostungen/,Tue-Sun 11.00-24.00; Mon closed,,951 29191
Museums-Brau-Gasthaus Jägersruh,Nepomukgasse 1,Bad Kissingen-Garitz,Lower,8341,1,2007,Brewpub,0,50.19115,10.05342,http://www.staerkerbraeu.de,Wed-Sat from 18.00. Mon; Tue; Sun & holidays - closed. Closed from 1.8 to 16.9.,,971 66899
Nikl-Brau,Egloffsteiner Strasse 19,Pretzfeld,Upper,10043,1,2008,Brewery,0,49.755972,11.175689,http://www.brauerei-nikl.de,Mon & Thu from 17.00; Fri-Sun from 9.30; Tue Wed closed,,9194 725025
Oberstreuer Brauhaus,Schmalzgasse 7,Oberstreu,Lower,12038,1,2010,Brewery,0,50.401551,10.287447,http://www.bier1.de/OberstreuerBrauhausbier.htm,shop: Sat 13.30-15.00,,
Oechsner Ankerbräu,Klinge 2,Ochsenfurt,Lower,3054,1,1863,Brewery,0,49.66276,10.06016,http://www.oechsner.de,Mon-Fri 7.00-11.30 & 13.00-16.00,,9331 87660
Pax Bräu Oberelsbach,Rathgeberstrasse 7,Oberelsbach,Lower,11198,1,2009,Brewery,0,50.441615,10.117619,http://www.pax-braeu.de,,,178 8068958
Privat-Brauerei Leitner,Nürnberger Strasse 19,Schwabach,Middle,8465,0,0,Brewery,0,49.33133,11.02181,http://www.leitner-brauerei.de,closed December 2010,,9122 92650
Privatbrauei Friedrich Düll,Landstrasse 4-8,Volkach-Krautheim,Lower,3404,1,1753,Brewery,0,49.88567,10.28888,http://www.krautheimer.com,Mon-Thu 8.00-17.00; Fri 8.00-13.00;  brewpub: Mon & Fri from 15.00; Sat & Sun/hols from 11.00,,9381 507
Privatbrauerei Brauwastl,Annafest im Kellerwald,Forchheim,Upper,20306,1,2014,Brewery,0,49.721306,11.069883,http://www.brauwastl.de,,,
Privatbrauerei Bürgerbräu Naila A.Wohn,Hofer Strasse 21,Naila,Upper,7765,1,1928,Brewery,0,50.327367,11.711566,http://buergerbraeu-naila.de,,,9282 96090
Privatbrauerei Günther,Kulmbacher Strasse 36,Burgkunstadt,Upper,4244,1,1840,Brewery,0,50.139864,11.25105,http://www.guenther-braeu.de,Mon-Sun 12.00-22.00,,9572 386650
Privatbrauerei Heller,Hauptstrasse 33,Herzogenaurach,Middle,8130,1,1874,Brewery,0,49.568751,10.881239,http://www.brauerei-heller.de,brewery: Mon-Fri 7.30-17.30; Sat 8.00-12.30;  brewpub: daily 9.00-13.00; Mon-Wed 15.00-22.00,,9132 2073
Privatbrauerei Hofmann,Dettendorfer Strasse 1,Pahres,MIddle,2134,1,1753,Brewery,0,49.61831,10.65687,http://www.hofmann-bier.de,,,9163 99870
Privatbrauerei Kesselring,Leithenbukweg 13,Marktsteft,Lower,3147,1,1753,Brewery,0,49.70025,10.13635,http://www.kesselring-bier.de,Mon-Fri 8.00-17.00; Sat (Mar-Oct) 9.00-11.00,,9332 50630
Privatbrauerei Lang Waltershausen,Charlotte-von-Kalb-Str. 13,Saal-Waltershausen,Lower,3213,1,1844,Brewery,0,50.33728,10.386863,http://www.brauerei-lang.de,,,9762 9292
Privatbrauerei Michael,Kirchenlamitzer Str. 64,Weissenstadt,Upper,6665,1,1906,Brewery,0,50.105224,11.88956,http://www.brauerei-michael.de,,,9253 265
Privatbrauerei Nothhaft,Ottostrasse 30,Marktredwitz,Upper,1683,1,1882,Brewery,0,49.999221,12.086493,http://www.brauerei-nothhaft.de,Tue-Sun 10.00-24.00; Mon closed,,9231 2077
Privatbrauerei Peter,Nordheimer Strasse 14,Ostheim vor der Rhön,Lower,4077,1,1827,Brewery,0,50.459871,10.221157,http://www.bionade.de,,,9777 91010
Privatbrauerei Reh,Ellertalstr. 36,Lohndorf,Upper,3792,1,1901,Brewery,0,49.916196,11.050783,http://www.reh-bier.de,Mon-Fri 8.00-19.00; Sat 9.00-17.00,,9505 210
Privatbrauerei Reindler Jochsberg,Am Ring 5,Leutershausen-Jochsberg,Middle,8364,1,1753,Brewery,0,49.3116,10.39046,http://www.brauerei-reindler.de,Mon-Sun 9.00-23.00; last weekend of each month closed,,9823 203
Privatbrauerei Schäffbräu,Bahnhofstrasse 48,Treuchtlingen,Middle,1794,0,0,Brewery,0,48.9585,10.90968,,,,
Privatbrauerei Scherdel Hof (Schörghuber),Unterkotzauer Weg 14,Hof,Upper,1161,1,1831,Brewery,0,50.32314,11.91155,http://www.scherdelbier.de,,,9281 8960
Privatbrauerei Stöckel,Nr. 4,Ahorntal-Hintergereuth,Upper,1743,1,1866,Brewpub,0,49.85094,11.454169,http://www.stoeckel-braeu.de,Mon-Sun 9.00-24.00,,9246 275
Privatbrauerei Streck-Bräu,Ludwig-Jahn-Strasse 11,Ostheim vor der Rhön,Lower,6920,1,1753,Brewery,0,50.454627,10.227488,http://www.streckbier.de,Mon-Fri 07.30-12.00; 13.00-17.00;  Sat 09.00-12.00,,9777 92 65
Privatbrauerei Ulrich Martin (Brauerei Martin),Hauptstr. 5,Schonungen-Hausen,Lower,10782,1,2009,Brewery,0,50.07002,10.311,http://brauerei-martin.de,Mon Wed Thu 12.00-23.00; Fri-Sat 12.00-24.00; Sun & hol 10.30-23.00; Tue closed,,9727 403011
Privatbrauerei Vasold & Schmitt,Schellenberger Weg 3,Neunkirchen am Brand,Upper,4396,1,2004,Brewery,0,49.61163,11.135625,http://mon.de/mfr/Vasold&Schmitt.141946/home.htm,,,0913 4644
Privatbrauerei Wurm,Hutgasse 2,Pappenheim-Bieswang,Middle,9505,1,2008,Brewery,0,48.92842,11.03585,http://www.bierdeckelsammler.net/deu_brauerei_show_2634.htm,,,9143 837950
Private Brauerei Georg Wolf,Brauereistrasse 2,Reichenberg-Fuchsstadt,Lower,3862,0,0,Brewery,0,49.69851,9.97302,http://www.wolf-bier.de,brewing ceased in October 2009,,9333 97120
Privater Brauereigasthof Greifenklau,Laurenziplatz 20,Bamberg,Upper,1940,1,1753,Brewery,0,49.884505,10.881722,http://www.greifenklau.de,Tue-Sat 9.00-23.30; Sun 9.30-14.00; Mon closed,,9515 3219
Püls Bräu,Burgkunstadter Str. 41,Weismain,Upper,2575,1,2002,Brewery,0,50.087757,11.239077,http://www.weismainer.de,,,9575 92290
Pyraser Landbrauerei,Pyras 26,Thalmässing,Middle,4623,1,1870,Brewery,0,49.149166,11.217206,http://www.pyraser.de,,,9174 47470
Red Castle Brew,Schlosshof 1,Heroldsberg,Middle,20462,1,2014,Brewery,0,49.54,11.157632,http://www.red-castle-brew.de,,,9115 6929884
Ritter St Georgen-Brauerei,Marktplatz 1,Nennslingen,Middle,3244,1,1753,Brewery,0,49.04722,11.13231,http://www.ritter-bier.de,Mon Wed Thu 16.00-23.00; Fri Sat 11.00-13.00; 16.00-23.00; Sun 10.00-13.00; 16.00-23.00;Tue closed,,9147 246
Roppelt-Bräu Trossenfurt,An der Steige 2,Oberaurach-Trossenfurt,Lower,4121,1,1753,Brewpub,0,49.924762,10.664973,http://www.brauereiroppelt.de,Wed-Mon 9.00-24.00; Tue closed,,9522 1840
Rother Bräu,Birkenweg 2,Hausen/Rhoen,Lower,2193,1,2002,Brewery,0,50.49,10.11991,http://www.rotherbraeu.de,,,9779 81010
Schanzenbräu,Adam-Klein Strasse 11,Nürnberg,Middle,10703,1,2006,Brewpub,0,49.44999,11.05302,http://www.schanzenbraeu.de,Mon-Sat 17.00-01.00; Sun from 11.00,,911 93776791
Scheubel Sternbräu Schlüsselfeld,Kirchplatz 12,Schlüsselfeld,Upper,3712,1,1828,Brewery,0,49.75751,10.61979,http://www.brauerei-scheubel.de,,,9552 320
Schlossbrauerei Reckendorf,Mühlweg 16,Reckendorf,Upper,3021,1,1753,Brewery,0,50.02231,10.82964,http://www.recken.de,Wed-Fri Sun & Mon 9.00-23.00; Sat 12.00-23.00; Tue closed,,9544 94210
Schlossbrauerei Stelzer Fattigau,Hauptstr. 3,Oberkotzau-Fattigau,Upper,4132,1,1753,Brewery,0,50.243828,11.935509,http://www.schlossbrauerei-stelzer.de,shop: Mon-Fri 7.30-18.00; Sat 7.30-14.00;  brewpub: Mon-Sun 11.00-24.00,,9286 6260
Schmitt Bräu,Oberend 19,Schesslitz,Upper,4850,1,2004,Client Brewer,0,49.978015,11.03541,,,,9542 563
Schwanen Bräu Ebermannstadt,Marktplatz 2,Ebermannstadt,Upper,2577,1,1812,Brewpub,0,49.77993,11.18691,http://www.schwanenbraeu.de,Mon-Sat 9.00-24.00; Sun 9.00-15.00,,9194 209
Schwanen-Bräu Ebing,Marktplatz 11,Ebing,Upper,6175,1,2005,Brewery,0,50.008355,10.905134,http://www.schwanen-braeu-ebing.de,Thu closed,,9647 481
Schwanenbräu Burgebrach,Hauptstrasse 16,Burgebrach,Upper,5764,1,1753,Brewery,0,49.827899,10.741244,http://www.schwanawirt.de,Mon-Fri from 15.30; Sat from 11.00; Sun from 9.00; Tue closed,,9546 306
Schwind Bräu,Schweinheimer Strasse 117,Aschaffenburg-Schweinheim,Lower,5671,1,1761,Brewery,0,49.959813,9.162511,http://www.schwindbraeu.de,,,6021 930092
Seelmannbrau,Hauptstrasse 15,Zettmannsdorf,Upper,3710,1,1847,Brewery,0,49.866351,10.654718,http://www.brauerei-seelmann.com,Closed 2005; reopened Aug. 2007,,9546 595990
Seinsheimer Kellerbräu,Kirchengaden am Rathausplatz,Seinsheim,Lower,5848,1,2002,Brewery,0,49.641083,10.222416,http://www.seinsheimer-kellerbier.de,Fridays only 10.30-19.00 (see website),,9332 592719
Sonnen Bräu Mürsbach,Zaugendorfer Strasse 4,Rattelsdorf-Mürsbach,Upper,5970,1,1868,Brewery,0,50.061288,10.864342,http://www.gasthaus-schmitt.de,Tue-Sun 10.00-24.00; Mon closed,,9533 981017
Sonnenbräu Lichtenberg,Nailaer Str. 20,Lichtenberg,Upper,6351,1,1904,Brewery,0,50.380799,11.675707,http://sonnenbraeu-lichtenberg.brauereien.bierland-oberfranken.de,Mon-Fri 7.00-12.00; 13.00-17.00; Sat 9.00-13.00,,9288 304
Spessart-Brauerei,Junkergasse 2,Kreuzwertheim,Lower,6344,1,1887,Brewery,0,49.763315,9.516743,http://www.spessart-specht.de,,,9342 4401
St. Georgen Bräu,Marktstrasse 12,Buttenheim,Upper,796,1,1753,Brewery,0,49.802001,11.032392,http://www.georgenbraeu.de,brewery: Mon-Thu 8.00-16.00; Fri -15.00; Sat 9.00-11.00; brewpub: Mon-Sun 11.30-23.00,,9545 4460
Stadtbrauerei Spalt,Brauereigasse 3,Spalt,Middle,3950,1,1879,Brewery,0,49.174298,10.925198,http://www.spalter-bier.de,,,9175 79610
Staffelberg-Bräu,Am Mühlteich 4,Bad Staffelstein-Loffeld,Upper,1970,1,1856,Brewery,0,50.078905,11.0236,http://www.staffelberg-braeu.de,Mon-Sat: 7.00-18.00,,9573 5925
Steinbach Bräu,Vierzigmannstrasse 4,Erlangen,Middle,8183,1,1995,Brewpub,0,49.602543,11.005038,http://www.steinbach-braeu.de,Mon-Sun from 17.00,,9131 895912
Sternbräu Elsendorf,Braugasse 2,Schlüsselfeld-Elsendorf,Upper,3758,0,0,Brewery,0,49.741446,10.666448,http://www.landgasthof-sternbraeu.de,Mon & Wed-Fri from 17.00; Sat from 10.30; Sun from 9.00; Tue closed,,9552 310
Thuisbrunner Elch-Bräu,Thuisbrunn 11,Gräfenberg-Thuisbrunn,Upper,8902,1,2007,Brewpub,0,49.68696,11.24792,http://www.gasthof-seitz.de,Mon 10.00-14.00; Tue & Fri-Sun from 10.00; Wed & Thu closed,,9197 221
Thurnauer Braufreunde e.V.,Zaunwiesenweg 24,Nürnberg,Middle,14129,1,2012,Brewery,0,49.46159,11.155445,http://www.thurnauer-braufreunde.de,,,911 6604620
Tucher Bräu Fürth (Oetker Group),Tucherstrasse 10,Fürth,Middle,4880,1,1753,Brewery,0,49.441709,10.996279,http://www.tucher.de,,,9119 7760
Turmbräu Rothenburg o.d.T.,Rödergasse 1,Rothenburg ob der Tauber,Middle,7885,1,2006,Brewpub,0,49.3773,10.18138,http://www.turmbraeu.com,,,9861 94280
Unsere kleine Hümmer-Bräu,Bühlstrasse 35,Breitengüssbach,Upper,16754,1,2013,Brewery,0,49.9706,10.88238,http://www.franconiabeerguide.com/hummer.php,,,
Wagner-Bräu Kemmern,Hauptstrasse 15,Kemmern,Upper,2013,1,2001,Brewery,0,49.95359,10.87474,http://www.brauerei-wagner.de,,,9544 6746
Waldschloss-Brauerei,Orber Strasse 103,Frammersbach,Lower,8320,1,2007,Brewery,0,50.075872,9.462817,http://www.waldschloss-brauerei.de,Mon-Sun 10.30-12.00 & 15.00-20.00,,9355 97340
Weibs Brauhaus,Untere Schmiedgasse 13,Dinkelsbühl,Middle,8468,1,1999,Brewpub,0,49.070281,10.316998,http://www.weibsbrauhaus.de,Wed 18.00-1.00; Thu-Mon 11.00-23.00; Tue closed,,9851 579490
Weiss-Rössl-Bräu,Frankenstrasse 26,Rossstadt,Lower,3793,1,2003,Brewery,0,49.94586,10.72451,,,,9522 92290
Wernecker Bierbrauerei,Schönbornstrasse 2,Werneck,Lower,577,1,1753,Brewery,0,49.982262,10.100017,http://www.wernecker-bier.de,Mon-Sun 11.00-24.00,,9722 91500
Weyermann Versuchsbrauerei,Brennerstrasse 17,Bamberg,Upper,8167,1,1879,Brewery,0,49.90463,10.89742,http://www.weyermann.de,Mon-Thu 7.00-16.00; Fri 7.00-14.00,,9519 322016
Wilde Rose Bräu-Keller,Oberer Stephansberg 49,Bamberg,Upper,2997,1,2002,Client Brewer,0,49.884837,10.887531,http://www.wilde-rose-keller.de,Mon-Fri 16.00-23.00; Sa Su & holiday 15.00-23.00,,9515 7691
Will Bräu (Hochstiftliches Brauhaus Fulda),Brückenauer Strasse 6,Motten,Lower,2629,1,1791,Brewery,0,50.39492,9.77239,http://www.will-braeu.de,shop: Mon-Fri 8.00-16.30;  brewpub: Wed-Mon 10.00-24.00; Tue closed,,9748 710
Wittelsbacher Turm Bräu,Am Wittelsbacher Turm,Bad Kissingen,Lower,9494,1,2008,Brewpub,0,50.200734,10.080392,http://www.wittelsbacher-turm.de,Feb-Oct: Mon-Wed 11.00-23.00; Thu-Sat 11.00-24.00; Sun/hols 10.00-23.00;  Nov-Jan: Tue Wed 11.00-22.00; Thu-Sat 11.00-24.00; Sun,,9717 858820
Wolfshöher Privatbrauerei,Zur Wolfshöhe 3,Neunkirchen am Sand,Middle,1982,1,1872,Brewery,0,49.544714,11.326758,http://www.wolfshoeher.de,,,9153 92620
Würzburger Hofbräu (Schörghuber),Höchberger Strasse 28,Würzburg,Lower,878,1,1753,Brewery,0,49.79198,9.91499,http://www.wuerzburger-hofbraeu.de,brewery: Mon-Thu 8.00-16.00; Fri -15.00; Sat 9.00-11.01,,931 41090
Zeltbräu,Schleizer Strasse 28,Hof,Upper,695,0,2000,Brewery,0,50.32616,11.91406,http://www.xn--zeltbru-bxa.de/,,,